ts,event,direction,z,eurjpy,gbpjpy,hedge,held,pnl_pct
2026-07-01 22:22,ENTRY,LONG,-2.716,184.973,215.831,0.811,0,0
2026-07-16 22:07,EXIT,LONG,-0.938,185.766,218.75,0.811,15,-0.851
2026-07-29 22:05,ENTRY,SHORT,2.674,187.393,218.42,0.254,0,0
2026-07-31 22:10,EXIT,SHORT,-4.544,181.491,212.244,0.254,2,2.312
2026-08-01 22:00,ENTRY,LONG,-5.365,181.491,215.608,0.239,0,0
2026-08-03 22:12,EXIT,LONG,-4.537,181.107,211.33,0.239,3,0.352
2026-08-04 22:17,ENTRY,LONG,-3.408,181.841,212.106,0.308,0,0
2026-08-10 21:48,EXIT,LONG,-0.361,183.774,212.999,0.308,6,0.912
2026-10-03 00:19,ENTRY,LONG,-3.373,177.659,209.071,0.763,0,0
2026-10-06 01:42,EXIT,LONG,-3.182,177.15,208.748,0.763,4,-0.148
2026-10-07 00:31,ENTRY,LONG,-3.193,177.184,208.801,0.784,0,0
2026-10-10 00:39,EXIT,LONG,-3.045,177.304,209.506,0.784,4,-0.244
